Assembly	ERR10395086_assembly	ERR10395089_assembly	ERR10395090_assembly	ERR10395091_assembly	ERR10395096_assembly	ERR10395099_assembly	ERR10395102_assembly	ERR10395107_assembly	ERR10441490_assembly	ERR10441525_assembly	ERR11191889_assembly	ERR11191894_assembly	ERR11192043_assembly	ERR11192044_assembly	ERR11192068_assembly	ERR11192071_assembly	ERR11192077_assembly	ERR11192081_assembly	ERR11192375_assembly	ERR11192379_assembly	ERR11192399_assembly	ERR11192417_assembly	ERR11196271_assembly	ERR11196301_assembly	ERR11196304_assembly	ERR11196399_assembly	ERR11196450_assembly	ERR11196507_assembly	ERR11196515_assembly	ERR11196531_assembly	ERR11196540_assembly	ERR11196560_assembly	ERR11196585_assembly	ERR11196597_assembly	ERR11196708_assembly	ERR11196829_assembly	ERR11196865_assembly	ERR11196902_assembly	ERR11197013_assembly	ERR14757536_assembly	ERR8568688_assembly	ERR8568689_assembly	ERR8568691_assembly	ERR8568692_assembly	ERR8568696_assembly	ERR8568698_assembly	ERR8568699_assembly	ERR8568700_assembly	ERR8568706_assembly	ERR8568707_assembly	ERR8568710_assembly	ERR8568715_assembly	ERR8568716_assembly	ERR8568749_assembly	ERR8568751_assembly	ERR8568753_assembly	ERR8568754_assembly	ERR8568755_assembly	ERR8568760_assembly	ERR8568767_assembly	ERR8568768_assembly	ERR8568769_assembly	SRR10257879_assembly	SRR10286361_assembly	SRR10502094_assembly	SRR10990340_assembly	SRR11101205_assembly	SRR11450564_assembly	SRR12495628_assembly	SRR12698164_assembly	SRR12698170_assembly	SRR12740289_assembly	SRR12740299_assembly	SRR12741664_assembly	SRR12819799_assembly	SRR12991092_assembly	SRR13202874_assembly	SRR13202959_assembly	SRR13202982_assembly	SRR13202984_assembly	SRR13238717_assembly	SRR13482631_assembly	SRR13643361_assembly	SRR13686438_assembly	SRR14345228_assembly	SRR14707920_assembly	SRR15051715_assembly	SRR15051720_assembly	SRR15053930_assembly	SRR15146531_assembly	SRR15853658_assembly	SRR16089886_assembly	SRR16774935_assembly	SRR16821738_assembly	SRR17143607_assembly	SRR17249614_assembly	SRR17518181_assembly	SRR17518186_assembly	SRR17660648_assembly	SRR17696761_assembly	SRR17773990_assembly	SRR18101285_assembly	SRR18233382_assembly	SRR18686617_assembly	SRR19067400_assembly	SRR19087284_assembly	SRR19397124_assembly	SRR20110353_assembly	SRR20423196_assembly	SRR21594963_assembly	SRR22284366_assembly	SRR23043675_assembly	SRR23043684_assembly	SRR23756333_assembly	SRR23756483_assembly	SRR23756495_assembly	SRR23756632_assembly	SRR23756640_assembly	SRR23756668_assembly	SRR24807656_assembly	SRR25161109_assembly	SRR25926991_assembly	SRR26453221_assembly	SRR26453224_assembly	SRR26453262_assembly	SRR26453291_assembly	SRR26453305_assembly	SRR26825704_assembly	SRR26825705_assembly	SRR26825713_assembly	SRR26825714_assembly	SRR26826506_assembly	SRR26904504_assembly	SRR26904505_assembly	SRR27708424_assembly	SRR27714940_assembly	SRR27714941_assembly	SRR27714943_assembly	SRR27779120_assembly	SRR28098922_assembly	SRR28098931_assembly	SRR28160454_assembly	SRR28323407_assembly	SRR29045873_assembly	SRR29046295_assembly	SRR29047886_assembly	SRR29047899_assembly	SRR29091945_assembly	SRR29369522_assembly	SRR29369532_assembly	SRR29425127_assembly	SRR29481989_assembly	SRR29752489_assembly	SRR29752490_assembly	SRR29752491_assembly	SRR29752492_assembly	SRR29752493_assembly	SRR29752494_assembly	SRR29752495_assembly	SRR30477736_assembly	SRR30477737_assembly	SRR30477738_assembly	SRR30477739_assembly	SRR30477740_assembly	SRR30477741_assembly	SRR30477742_assembly	SRR30477743_assembly	SRR30477744_assembly	SRR30477745_assembly	SRR30477746_assembly	SRR30477747_assembly	SRR31203041_assembly	SRR31203074_assembly	SRR31203080_assembly	SRR31507111_assembly	SRR31886003_assembly	SRR31886040_assembly	SRR32701819_assembly	SRR32701820_assembly	SRR32701822_assembly	SRR32701823_assembly	SRR32701824_assembly	SRR32701853_assembly	SRR33745401_assembly	SRR33745402_assembly	SRR33745403_assembly	SRR33745404_assembly	SRR33745405_assembly	SRR33745406_assembly	SRR33745407_assembly	SRR33745408_assembly	SRR33916996_assembly	SRR33917023_assembly	SRR33917025_assembly	SRR33917028_assembly	SRR7962276_assembly	SRR8333783_assembly	SRR8767040_assembly	SRR8952510_assembly	SRR9016858_assembly	SRR9016861_assembly
# contigs (>= 0 bp)	70	62	72	68	64	63	59	60	115	145	55	252	55	83	65	62	57	58	56	52	56	58	63	55	56	62	57	57	57	69	64	59	54	62	59	56	61	57	50	67	89	136	98	70	95	69	109	91	66	69	62	103	60	93	62	60	69	69	79	112	108	210	95	42	84	66	87	61	29	61	59	75	70	77	51	104	59	64	66	59	66	43	63	61	65	58	65	61	65	65	60	80	71	36	65	71	67	62	58	37	90	66	90	72	35	58	60	107	71	63	72	62	67	65	67	85	66	65	57	69	65	91	64	62	63	65	66	68	65	64	63	62	68	66	140	60	53	56	60	126	99	30	60	54	78	67	69	32	70	79	33	56	58	104	104	90	106	56	115	51	62	54	58	56	71	62	57	53	56	53	56	217	67	86	91	74	64	74	62	67	71	63	69	60	59	59	58	70	56	59	63	64	68	60	62	37	30	134	73	109	76
# contigs (>= 1000 bp)	34	30	42	36	30	30	31	27	90	130	29	224	28	58	33	35	30	29	30	29	29	29	32	32	30	35	28	30	29	38	36	29	28	31	30	30	33	30	24	37	62	117	78	41	64	43	79	59	34	35	31	77	35	59	33	31	34	33	51	83	82	186	68	31	50	36	61	31	27	32	28	43	38	50	30	48	31	31	36	29	34	20	31	29	37	29	32	32	35	34	35	44	38	28	38	36	33	31	29	31	63	38	63	42	34	38	29	83	33	32	39	32	39	36	39	51	38	33	28	31	34	66	29	27	26	29	29	32	30	30	29	29	38	36	117	37	43	26	30	97	73	28	32	29	51	37	38	32	40	45	30	32	29	43	47	38	80	33	46	28	34	27	36	32	39	31	31	32	33	31	31	101	34	38	64	39	32	40	31	34	36	33	35	32	34	34	32	38	33	33	39	32	37	32	33	31	28	108	34	82	47
# contigs (>= 5000 bp)	26	25	36	28	25	24	25	21	75	116	24	169	21	53	25	28	22	22	24	22	23	21	24	23	22	26	21	24	22	27	27	21	21	24	24	21	24	21	19	29	51	97	63	31	51	36	64	50	27	26	25	67	29	51	26	27	29	27	45	71	67	150	60	28	42	26	51	26	26	25	25	33	31	42	22	31	25	24	29	24	26	17	24	23	30	23	26	23	29	25	28	34	26	24	32	24	26	25	23	28	55	30	54	35	32	34	22	74	27	26	32	23	25	29	30	39	31	25	22	26	26	61	20	21	21	22	22	23	20	21	22	21	30	27	99	29	37	21	23	77	62	26	23	23	41	28	30	31	32	37	29	27	22	32	33	28	55	24	32	22	24	21	27	26	32	25	25	26	24	23	24	84	25	25	55	30	23	32	26	27	26	26	27	27	25	26	23	28	25	27	27	25	28	25	23	29	26	89	23	73	39
# contigs (>= 10000 bp)	23	21	34	26	22	23	23	19	69	104	19	130	19	50	22	24	19	19	20	21	22	19	23	21	21	21	19	22	20	25	26	20	20	21	23	20	22	20	18	26	48	85	57	31	48	34	61	44	26	25	23	60	26	46	23	25	24	26	40	64	64	123	54	27	37	24	45	23	25	23	20	28	26	38	21	29	20	21	26	22	23	15	20	19	28	20	22	21	25	23	27	32	25	23	28	22	23	23	22	26	49	27	47	33	29	33	21	61	23	25	27	21	23	26	27	37	29	24	20	21	23	53	19	19	18	20	21	22	20	20	20	19	28	25	86	25	32	20	21	72	56	25	21	22	38	24	29	30	30	31	28	26	21	29	30	26	41	22	29	20	23	19	24	23	30	22	22	22	22	22	21	70	22	24	50	26	21	28	22	24	24	22	24	25	24	25	21	27	23	24	26	22	24	22	21	27	24	77	23	66	35
# contigs (>= 25000 bp)	21	19	30	24	21	21	21	18	48	74	18	64	18	41	22	21	18	18	18	19	19	18	21	19	20	18	18	20	18	22	23	19	19	20	21	18	20	19	17	22	37	62	47	28	42	29	49	39	24	23	20	50	24	34	21	22	21	24	33	50	50	65	43	26	30	21	37	22	24	21	19	23	24	30	19	26	19	20	22	19	18	14	19	19	26	19	20	19	23	20	24	27	23	21	26	21	21	20	20	23	37	25	40	29	25	29	20	46	22	23	25	19	22	24	24	31	24	22	19	20	20	46	18	18	18	18	20	21	19	19	19	18	25	24	67	23	28	18	19	52	47	22	19	21	36	22	26	27	27	25	26	24	20	25	23	23	31	21	27	19	21	17	22	21	27	21	20	21	21	20	20	57	21	24	42	25	20	26	20	21	21	20	22	24	21	23	19	24	21	19	20	20	22	20	19	24	23	60	22	52	29
# contigs (>= 50000 bp)	16	15	19	18	17	17	17	14	31	33	14	25	14	26	17	15	14	14	14	14	15	14	16	15	16	14	14	14	14	17	17	15	15	15	17	14	16	15	14	18	31	33	34	22	28	23	31	29	19	16	15	36	21	28	17	18	16	19	29	34	30	26	29	21	26	16	31	16	21	15	14	17	19	23	14	19	14	14	16	13	14	12	15	15	21	14	15	16	16	14	18	20	16	15	18	16	16	15	16	18	30	18	30	21	20	23	14	34	18	19	17	14	17	20	19	24	20	17	15	14	15	35	14	14	14	14	16	15	13	15	15	14	20	20	37	18	23	14	15	36	31	18	16	17	27	17	19	22	22	21	22	18	15	18	16	15	24	14	18	16	17	14	15	16	19	16	15	14	16	16	15	35	16	16	31	17	14	22	16	14	16	15	16	19	15	15	14	18	15	13	15	14	16	16	15	19	19	35	18	38	24
Total length (>= 0 bp)	4834174	4840387	4916035	4836941	4832553	4834233	4835059	4840742	4862669	4773238	4850301	4780280	4834023	4816629	4836311	4937264	4771349	4845590	4841678	4628921	4836356	4843286	4922009	4841529	4839069	4889051	4843217	4922538	4852027	4835334	4840786	4836512	4836541	4930463	4833823	4839269	4839799	4837523	4817882	4825731	4804799	4936347	4906437	4816246	4797961	4808624	4789880	4803001	4820473	4816493	4814768	4800950	4830176	4715284	4825707	4819296	4822216	4825215	4811025	4788390	4787085	4724216	4825621	4813337	4754127	4845823	4848726	4848950	4805870	4861444	4831338	4833162	4833752	4834891	4832505	4891242	4807990	4841920	4841677	4841575	4845520	4810640	4846855	4851503	4853538	4824360	4850649	4855522	4846980	4848723	4819444	4831616	4864158	4821043	4858035	4866396	4840409	4841394	4759117	4819096	4810749	4823295	4841616	4844954	4833348	4739016	4859080	4821166	4849032	4827227	4849429	4855521	4855108	4832686	4835987	4825015	4825021	4835003	4842719	4856615	4815947	4835275	4841955	4846123	4850419	4847502	4843648	4847109	4839091	4842141	4840111	4846630	4846177	4868507	4820175	4830330	4811875	4840443	4866912	4819132	4833179	4799984	4870730	4838566	4928821	4839814	4824566	4805439	4843517	4835457	4797125	4900685	4872103	4955513	4959134	4966703	4891953	4886864	4967782	4840846	4845513	4834903	4890518	4887066	4758539	4957430	4881541	4883064	4894452	4892638	4878786	4931503	4751328	4838789	4804201	4857841	4851608	4857033	4844265	4852961	4846986	4830759	4847815	4834995	4892383	4870724	4777868	4925867	4877373	4884365	4978831	4841795	4856285	4797002	4849409	4636574	4806342	4825153	4834578	4808739	4854677
Total length (>= 1000 bp)	4824056	4830670	4906185	4828362	4822723	4824064	4826901	4830957	4855478	4767957	4840369	4771751	4824879	4808689	4826089	4927308	4761826	4836483	4832232	4621271	4827039	4834102	4912329	4834469	4830156	4878758	4833671	4913253	4843089	4825871	4831732	4826514	4827393	4920235	4824217	4830329	4830507	4828511	4809293	4817420	4797420	4930020	4899128	4809247	4790041	4802007	4781300	4794153	4810737	4807335	4806179	4793888	4823951	4704951	4817279	4810867	4811533	4813999	4803734	4781045	4779483	4717906	4817757	4808470	4743310	4836828	4841540	4840026	4805109	4852653	4821587	4823123	4824414	4826271	4825922	4874107	4799186	4831552	4832672	4831735	4836180	4804341	4837510	4842298	4844806	4815750	4840407	4846517	4838157	4839076	4812517	4821563	4853649	4817462	4849890	4856304	4829238	4831938	4750376	4816516	4803000	4814998	4833826	4835920	4833159	4733103	4849713	4814623	4837314	4819956	4838980	4845866	4846175	4825463	4826357	4817060	4817794	4825756	4834939	4845215	4806500	4828206	4831390	4835701	4839565	4836783	4832109	4836635	4828561	4831377	4829572	4836711	4836521	4858838	4813277	4823592	4807951	4830973	4857155	4810536	4825135	4799679	4862620	4831977	4921589	4831751	4815629	4805439	4834496	4824841	4796222	4894279	4862543	4932451	4937814	4946390	4882462	4879072	4945888	4832516	4837757	4824783	4882193	4878349	4748610	4946652	4872129	4875433	4886115	4885598	4869538	4902953	4740916	4825385	4798059	4847725	4841582	4846452	4834441	4842526	4836329	4821316	4837383	4824951	4883070	4861831	4770064	4916269	4869543	4874277	4970260	4832152	4846457	4788480	4840660	4634351	4805751	4817686	4825580	4800524	4846217
Total length (>= 5000 bp)	4802865	4819008	4891135	4807055	4810949	4809163	4813863	4814806	4809056	4726143	4824461	4619961	4806091	4796485	4805167	4908509	4738955	4817845	4817404	4604652	4811989	4811051	4891991	4809273	4806882	4846864	4814724	4898192	4824301	4794137	4804211	4803187	4807337	4901500	4809167	4803526	4804880	4801008	4793674	4798039	4764879	4871777	4848735	4780002	4752989	4785280	4727913	4768322	4792810	4784641	4788674	4765030	4809743	4684412	4798441	4802037	4798874	4797371	4788813	4749055	4732006	4608947	4798749	4801593	4725099	4812396	4812555	4830968	4803638	4835728	4815100	4793371	4808319	4804660	4806349	4842718	4786824	4815343	4816019	4819852	4817339	4800499	4823512	4830041	4829247	4803074	4828150	4823226	4827637	4814039	4796408	4796812	4819200	4808557	4837105	4823312	4815655	4816847	4737700	4808704	4782805	4795223	4810530	4819024	4825164	4724887	4833094	4786802	4824972	4801423	4822212	4822356	4811766	4806657	4800707	4784664	4801866	4806191	4821673	4832929	4787835	4815910	4810315	4819506	4828403	4816740	4811566	4815277	4804849	4810799	4813054	4820244	4817020	4835017	4758465	4805174	4789020	4816529	4842633	4742499	4795793	4792731	4843994	4817679	4892004	4806914	4792731	4801037	4814504	4806263	4791820	4883027	4845699	4902524	4900688	4925177	4813067	4856068	4918763	4817107	4811175	4806672	4856276	4862821	4730974	4927805	4857026	4859541	4863949	4863976	4852052	4861293	4718204	4792141	4770152	4823611	4819722	4828112	4825049	4828548	4809834	4807127	4819144	4812941	4860142	4840138	4748873	4887962	4851130	4859174	4941834	4815397	4825910	4770693	4816894	4631010	4796443	4766086	4796729	4773471	4824605
Total length (>= 10000 bp)	4785966	4796894	4879636	4795451	4794383	4802872	4802407	4803249	4762959	4640560	4795127	4334519	4793348	4776969	4787819	4882016	4720762	4797597	4794227	4598361	4805698	4799562	4885700	4797595	4800591	4814740	4801978	4886677	4811587	4778763	4797920	4796896	4801046	4882276	4802876	4797235	4793240	4795058	4787383	4776861	4747375	4783398	4801556	4780002	4730143	4774092	4705078	4729036	4786519	4778350	4776797	4711211	4791489	4649395	4781020	4790731	4761057	4791080	4758026	4706145	4710077	4414965	4760823	4796434	4691776	4800693	4770648	4813230	4798337	4823860	4782984	4759345	4777433	4781575	4800058	4830341	4756772	4792719	4795109	4808276	4799038	4788713	4799919	4807513	4816617	4786380	4803359	4811521	4803184	4802308	4790117	4784700	4812909	4803397	4811942	4809643	4799030	4805139	4731409	4797873	4737688	4769608	4764333	4806961	4805491	4718596	4826803	4698748	4802572	4795450	4791029	4811044	4799922	4781117	4778161	4772387	4790563	4800831	4810253	4801105	4771096	4759187	4804665	4807215	4812415	4806306	4805593	4809790	4804849	4804868	4800966	4808398	4804459	4823225	4671205	4773753	4752804	4810238	4828805	4710460	4748547	4787520	4832633	4812418	4874215	4782214	4786440	4795818	4803126	4769235	4786713	4876736	4839408	4882676	4880976	4913467	4715841	4842428	4899794	4804932	4805618	4795260	4839723	4843861	4719440	4908211	4838739	4835011	4850594	4857685	4834196	4764976	4698952	4785850	4733350	4800057	4808018	4802779	4801884	4811442	4798075	4783359	4802033	4801421	4853851	4833847	4737388	4880372	4838479	4838650	4935543	4798149	4803613	4753543	4806037	4619516	4785020	4686137	4796729	4729956	4798326
Total length (>= 25000 bp)	4754526	4765521	4818379	4760921	4782117	4770243	4770723	4785196	4386627	4131482	4783400	3179177	4777579	4623036	4787819	4825956	4708855	4785147	4762569	4567120	4752979	4787871	4854055	4766279	4788685	4776940	4787380	4854170	4787293	4733641	4748160	4785010	4788564	4870210	4769410	4767448	4763472	4782922	4775111	4712082	4561218	4377517	4615528	4726548	4641452	4677611	4489973	4658339	4755270	4746980	4721492	4534584	4768764	4434939	4751435	4743068	4701485	4760507	4639320	4448316	4463939	3401034	4567201	4784404	4579216	4744669	4628502	4795230	4786715	4790437	4767273	4684114	4743718	4639079	4768635	4780555	4740320	4780680	4724077	4757399	4712196	4763958	4785670	4807513	4776147	4771388	4763829	4788905	4769834	4747242	4742183	4698032	4780115	4773652	4785430	4792789	4763189	4749546	4700116	4749073	4531719	4743253	4637626	4733866	4745642	4645438	4804003	4423351	4789999	4766090	4758544	4770568	4787354	4749679	4724828	4667883	4704440	4763824	4787110	4785802	4731478	4614914	4789734	4792448	4812415	4774130	4793679	4794534	4789916	4789970	4789254	4792718	4744608	4801731	4358341	4733866	4694789	4778917	4805385	4350624	4592517	4740262	4809137	4796939	4842138	4750673	4732638	4746762	4755257	4667064	4750185	4845554	4817865	4817058	4774459	4864955	4522365	4827007	4864158	4792936	4773593	4760087	4804684	4812091	4666932	4888356	4808213	4819620	4835664	4831488	4822146	4563652	4683694	4785850	4615865	4785051	4792523	4778694	4777003	4776224	4746546	4756988	4776672	4790046	4805882	4803936	4706048	4818725	4805121	4754936	4823771	4766195	4775571	4714981	4767504	4571212	4772811	4417356	4784907	4487799	4686312
Total length (>= 50000 bp)	4574763	4619237	4421925	4539068	4635828	4623960	4624439	4638912	3767646	2647416	4632335	1823594	4633989	4026943	4615600	4623142	4565924	4641558	4619611	4391554	4606088	4644282	4673320	4622690	4645095	4633350	4644485	4622134	4643703	4552023	4531180	4641425	4641673	4696730	4622849	4623859	4619882	4639332	4671584	4572772	4345231	3343676	4119157	4511949	4141559	4446045	3804351	4267675	4570926	4493544	4539648	4034886	4646890	4211967	4609864	4601654	4517142	4576372	4496922	3859154	3684196	2015951	4026022	4597397	4425570	4545988	4390488	4570315	4671217	4569120	4570002	4470169	4568303	4393055	4587565	4546697	4569027	4573220	4494605	4541685	4566129	4681589	4639603	4661446	4578869	4577734	4569266	4668398	4508909	4527469	4533926	4431748	4526135	4557752	4490664	4609094	4569258	4550646	4554049	4574734	4247673	4480858	4249430	4440159	4565948	4407144	4583173	3978253	4645826	4625023	4434632	4571671	4592954	4603394	4556601	4422355	4558156	4583678	4640686	4566470	4537261	4238401	4643407	4646191	4666158	4627873	4647423	4573772	4569133	4643606	4642890	4646345	4546789	4651515	3300066	4545603	4506137	4628701	4659318	3750750	3905769	4592342	4680278	4650718	4541515	4566323	4487960	4559656	4578435	4520997	4607757	4626490	4634824	4556400	4500236	4573344	4239639	4587546	4530053	4671151	4627181	4639370	4549410	4631607	4385619	4707698	4625836	4563118	4654951	4676187	4638890	3773518	4491917	4510312	4191231	4488468	4573322	4646074	4640234	4539407	4564195	4562897	4569938	4606816	4587041	4514448	4521492	4592829	4586308	4551064	4626597	4545279	4551556	4564765	4597378	4384966	4636773	3535802	4643796	3981448	4482793
# contigs	41	38	48	42	38	38	38	35	94	135	38	229	34	63	40	42	38	35	38	34	36	35	38	36	36	44	35	37	35	44	42	36	35	38	36	36	39	37	31	44	67	121	84	46	70	48	86	65	43	42	38	82	39	67	39	37	42	42	56	88	89	190	74	34	58	43	66	38	28	39	36	51	45	57	34	61	38	38	43	37	41	24	38	35	44	36	40	38	41	42	39	51	46	31	45	42	42	38	36	32	69	45	69	49	34	42	36	87	42	36	47	40	46	41	47	54	43	41	34	41	40	71	38	36	35	38	39	41	39	40	40	38	46	44	123	42	47	34	38	104	79	28	37	34	57	43	46	32	47	52	30	35	36	63	67	57	88	39	64	35	40	35	43	39	45	40	39	38	40	36	39	117	42	47	68	46	40	48	39	42	44	40	42	40	42	41	38	46	39	42	46	39	45	39	39	33	28	113	39	88	53
Largest contig	736654	736372	678814	736651	609789	741701	742133	736664	269084	192253	742604	110905	731534	636319	678712	741084	746097	741323	739737	678832	741224	741323	741348	741408	741097	741359	746219	743535	741963	609291	741213	741100	741206	743836	609484	741177	609161	678730	1269714	741951	424882	427364	346335	463570	539665	690402	475250	529480	732635	729173	1225687	330757	645878	421844	678880	735686	735686	610032	416232	312299	249188	244753	338314	608792	375702	678896	342272	740764	652266	678929	678113	426083	678734	419453	746136	477411	739453	678867	609745	740670	741988	1302287	742188	678873	678879	678873	494170	678903	494164	739931	745697	541646	745288	747511	678933	745449	678927	494171	678598	746634	285327	565929	319920	419489	648037	417005	750219	432358	544606	746500	678897	678921	494170	609610	745779	419301	477309	741956	678891	743963	740026	348360	743864	743458	743597	743897	678902	748886	744447	744031	743960	746584	420687	494170	211090	609068	609342	746870	739655	228016	327864	835517	784050	678873	419033	678864	494169	746150	419487	599299	632125	792533	740312	494183	678612	678861	403723	749687	544543	746697	678610	736974	746485	753856	494066	746608	744170	739853	751384	752400	678850	362094	745211	739617	335095	678905	678903	420325	678905	739628	678680	494170	494135	743308	746532	746871	748895	743961	746380	743322	744684	678838	678980	494164	745297	778364	713178	337255	746240	219000	401526
Total length	4828492	4835665	4910547	4831962	4827718	4829154	4831060	4835952	4858377	4771250	4846553	4775280	4829241	4812184	4831288	4932500	4767376	4840845	4837876	4624649	4831985	4838196	4916537	4837263	4834518	4884944	4838549	4918199	4847242	4829965	4835845	4831632	4832339	4925427	4827825	4834691	4834601	4833535	4814002	4821579	4800396	4932906	4903480	4812223	4793641	4805115	4785895	4797965	4816515	4811494	4810774	4796984	4826415	4710112	4821091	4814679	4817007	4819996	4806710	4784021	4783485	4720359	4821426	4810718	4748607	4841009	4844585	4844099	4805726	4856834	4826519	4828124	4828595	4830452	4828673	4882135	4803367	4835891	4836853	4836970	4840361	4806830	4841691	4845817	4848987	4819931	4845408	4850186	4841826	4843932	4814894	4825888	4858650	4819279	4854071	4859722	4834946	4836119	4754557	4817077	4806557	4819148	4837383	4840101	4833159	4735592	4853894	4817112	4843318	4822398	4844007	4850867	4850664	4828343	4831907	4818858	4820674	4830768	4838375	4851612	4810100	4831207	4837163	4841542	4845406	4842624	4838716	4842408	4834334	4837516	4836373	4842354	4841522	4863839	4816834	4826928	4810868	4835829	4862156	4814717	4828804	4799679	4865665	4835091	4925025	4835187	4820723	4805439	4838677	4829218	4796222	4896095	4867444	4946232	4951498	4959231	4888027	4883048	4958026	4837489	4841159	4830734	4887065	4883314	4753196	4953183	4877614	4879614	4890987	4889062	4875023	4914316	4746160	4831099	4800312	4851906	4846584	4851453	4839442	4847527	4841330	4825497	4841722	4830705	4888612	4866796	4773700	4921427	4873519	4880583	4975056	4836333	4851458	4792661	4844329	4635429	4805751	4820731	4828647	4804390	4849886
GC (%)	52.11	52.11	52.07	52.11	52.11	52.11	52.11	52.11	52.23	52.26	52.12	52.43	52.11	52.16	52.12	52.06	52.16	52.11	52.13	52.17	52.11	52.11	52.05	52.11	52.11	52.11	52.12	52.07	52.11	52.12	52.11	52.11	52.11	52.06	52.11	52.11	52.11	52.11	52.13	52.15	52.21	52.22	52.29	52.13	52.19	52.14	52.22	52.19	52.12	52.12	52.14	52.17	52.14	52.17	52.12	52.13	52.12	52.12	52.17	52.27	52.28	52.49	52.20	52.14	52.09	52.12	52.18	52.11	52.13	52.12	52.15	52.13	52.14	52.15	52.11	52.09	52.13	52.11	52.12	52.11	52.11	52.12	52.12	52.11	52.11	52.14	52.11	52.12	52.12	52.11	52.13	52.12	52.11	52.11	52.11	52.10	52.11	52.12	52.17	52.12	52.21	52.14	52.17	52.12	52.10	52.11	52.12	52.25	52.12	52.11	52.12	52.11	52.11	52.12	52.12	52.13	52.13	52.11	52.11	52.11	52.15	52.19	52.12	52.11	52.11	52.11	52.11	52.11	52.12	52.12	52.13	52.12	52.11	52.12	52.23	52.12	52.13	52.11	52.11	52.25	52.18	52.12	52.10	52.11	52.10	52.12	52.12	52.11	52.12	52.09	52.12	52.09	52.09	52.11	52.10	52.09	52.10	52.16	52.08	52.12	52.12	52.10	52.17	52.16	52.16	52.13	52.09	52.10	52.17	52.16	52.09	52.09	52.23	52.15	52.21	52.11	52.11	52.12	52.12	52.11	52.12	52.16	52.11	52.11	52.17	52.16	52.11	52.10	52.16	52.09	52.06	52.12	52.12	52.12	52.12	52.18	52.13	52.24	52.11	52.22	52.14
N50	401534	405539	314160	282066	401544	384047	401533	405539	110140	53224	405368	37480	405533	183682	338814	405533	405549	405533	405516	405533	405368	405533	405531	405533	405533	405533	405827	405533	405533	400432	405513	400394	405533	405533	373153	405533	405533	406016	405549	330558	149648	75761	127084	285454	161183	310290	98455	161183	405296	376706	405527	98751	310434	167910	401526	401526	405340	331043	174370	115411	101691	44187	163353	331029	229204	331851	161635	401508	263648	405539	405539	331636	331900	232055	405364	282261	405539	405539	375044	405539	405539	476848	405539	405389	304647	405539	351471	401544	351508	405539	405584	223262	301670	401535	332244	401553	359601	351531	370847	265018	180634	331930	157207	299346	401533	299408	405539	105210	332179	400584	401544	405539	331993	331226	405374	222533	320189	405373	405380	405447	405539	109963	405535	405511	405511	405511	401491	405535	405535	405535	405370	405768	325838	303095	71902	401502	261975	405539	405528	99240	107661	367254	331795	396571	224160	396491	362416	223518	327380	268634	230854	401526	405540	313301	313301	405540	201620	405112	313301	432356	401493	432198	405112	405112	330157	405112	401490	405540	405113	431931	405540	98266	332066	401526	145472	320056	405539	300768	401462	401462	331992	351518	332696	405528	405112	401490	477202	331005	405112	405546	405540	405539	331737	331762	401535	271482	361082	89172	401499	96612	262195
N90	88873	88873	61702	76883	76883	109548	88869	153576	25588	20487	153515	10909	153515	42741	137788	76883	153578	153515	153576	88932	88933	153515	76883	88932	88933	153515	153515	88932	153515	76883	76883	153515	153515	88933	88933	153515	88933	153535	153578	76883	61515	23287	39527	72002	45228	69105	36259	47771	71894	76883	76883	36268	76883	45057	88873	76883	76883	81787	62366	29973	32875	12728	45012	72869	61822	88873	58121	88873	77801	88874	153576	76889	76889	52623	153578	69078	153576	153576	73665	153576	88873	191688	88873	153577	62699	153576	153576	134232	88873	88873	73259	73600	88872	88917	76889	88873	88873	153576	106541	114794	47437	68074	45012	73602	67633	53938	88873	28805	120826	76883	73666	153576	153575	73602	73555	67904	73663	74113	153514	88873	88873	43166	153563	153582	153581	153516	88873	88922	153563	104745	88923	153567	88873	88873	25124	73602	68136	153576	88873	26073	43111	88919	122973	88874	60860	85355	67904	71874	76889	76889	80433	76900	88872	76883	76883	76883	45154	88873	72655	104848	76883	153573	88873	88873	60675	87077	153512	88873	88873	88872	153573	30143	88857	88874	45706	76889	153573	76889	153577	153577	88875	153576	153576	73990	88873	76883	88873	74518	76883	88873	76883	153576	88873	153576	153576	76929	77759	25743	88873	31649	61496
auN	365981.0	427028.6	317269.1	343871.8	356935.0	364445.2	368969.3	442181.0	129830.6	65435.5	442572.1	45130.0	441174.4	230849.3	356700.7	420459.5	430781.2	443035.4	440258.4	399626.7	423672.8	443379.3	417520.0	437966.7	413649.0	438915.0	444361.2	434988.3	442726.7	351876.7	365558.1	421563.9	430272.4	436212.3	349689.7	441293.9	378409.1	387357.5	600911.9	358120.8	176508.2	112870.4	137092.2	271354.7	206875.3	289080.5	154666.4	189561.6	368343.4	388377.9	550130.0	129288.8	334881.4	189269.3	383201.6	381982.3	383490.3	338740.3	214251.1	124527.9	124900.7	56042.6	157429.5	315520.5	212391.1	357769.4	177317.2	398370.8	339293.1	382667.1	388009.2	302224.1	340703.0	226445.5	439149.8	288687.5	427717.0	387912.0	348621.7	437392.7	436563.5	639895.6	437253.6	389589.7	323558.7	389603.5	339016.0	375268.9	324214.8	421329.6	391130.9	284153.2	352228.3	421014.9	339383.1	403120.1	366012.3	337618.3	361831.5	362335.0	161385.1	335377.7	166530.7	253320.0	343396.7	259959.5	437275.8	142048.1	321767.4	379274.6	358326.9	386767.3	316392.7	329698.6	366067.1	237912.3	296104.3	418540.2	387801.3	437655.3	412791.6	153900.1	444147.4	443617.1	445974.0	441642.1	405140.5	431849.4	443955.2	439037.2	436521.6	444546.5	278501.5	294175.7	80287.8	347136.4	266775.0	443152.2	435854.2	100535.3	141280.3	402649.6	413183.2	367943.0	224589.4	353479.5	310306.9	335529.9	267986.3	274468.9	295942.0	385778.2	434215.2	293268.4	330525.2	372712.0	203744.0	435369.6	308309.7	436395.7	379588.6	444165.4	424790.8	427932.9	294474.2	425989.9	392851.1	430897.5	399762.2	422493.6	394946.3	118846.5	396307.9	375415.2	164415.9	333702.0	386927.7	271425.3	370225.1	422517.1	368485.9	340220.0	322199.2	369856.2	429173.4	410400.3	436625.3	385922.7	427777.0	437149.7	423216.0	384610.6	357067.0	335787.4	421295.4	364654.0	365243.6	102591.0	382755.9	106024.5	235858.0
L50	5	5	6	6	6	5	5	5	14	28	5	38	5	8	5	5	5	5	5	5	5	5	5	5	5	5	5	5	5	6	5	5	5	5	6	5	5	5	4	6	11	19	13	7	9	6	12	10	5	5	4	14	6	10	5	5	5	6	9	15	14	34	11	6	9	6	10	5	6	5	5	7	6	8	5	7	5	5	6	5	5	3	5	5	6	5	6	5	6	5	5	7	6	5	6	5	6	6	6	5	11	6	11	7	5	7	5	13	6	5	5	5	6	6	5	8	6	5	5	5	5	12	5	5	5	5	5	5	5	5	5	5	7	7	23	6	7	5	5	18	14	5	5	5	8	5	6	6	7	7	7	5	5	7	6	5	9	5	6	5	5	5	5	5	6	5	5	5	5	5	5	16	5	5	11	6	5	7	5	5	5	6	6	5	5	5	4	5	5	5	5	5	6	6	5	5	5	18	5	17	8
L90	14	12	19	16	14	14	14	11	48	82	11	127	11	33	14	13	11	11	11	12	12	11	13	12	12	11	11	12	11	15	15	12	11	12	14	11	13	12	10	15	31	65	41	20	32	22	43	31	16	14	13	43	17	29	14	14	14	16	27	45	45	109	36	18	24	14	31	13	16	13	12	16	16	23	11	17	11	12	15	11	12	9	12	12	18	12	13	13	14	12	15	19	15	13	16	14	14	13	13	15	32	16	33	20	17	21	12	43	15	15	16	12	14	17	16	23	17	14	12	12	12	38	11	11	11	11	13	13	11	12	12	11	17	17	67	15	20	11	12	52	41	14	13	14	26	15	17	19	19	19	18	15	12	17	16	14	28	12	17	12	14	11	13	13	18	13	12	12	13	13	12	52	14	14	34	16	12	18	13	12	14	13	14	15	13	14	12	16	13	12	13	12	14	13	12	16	15	57	14	47	22
# N's per 100 kbp	0.00	0.00	0.00	0.00	0.00	0.00	0.00	0.00	0.00	0.00	0.00	0.00	0.00	0.00	0.00	0.00	0.00	0.00	0.00	0.00	0.00	0.00	0.00	0.00	0.00	0.00	0.00	0.00	0.00	0.00	0.00	0.00	0.00	0.00	0.00	0.00	0.00	0.00	0.00	0.00	0.00	0.00	0.00	0.00	0.00	0.00	0.00	0.00	0.00	0.00	0.00	0.00	0.00	0.00	0.00	0.00	0.00	0.00	0.00	0.00	0.00	0.00	0.00	0.00	0.00	0.00	0.00	0.00	0.00	0.00	0.00	0.00	0.00	0.00	0.00	0.00	0.00	0.00	0.00	0.00	0.00	0.00	0.00	0.00	0.00	0.00	0.00	0.00	0.00	0.00	0.00	0.00	0.00	0.00	0.00	0.00	0.00	0.00	0.00	0.00	0.00	0.00	0.00	0.00	0.00	0.00	0.00	0.00	0.00	0.00	0.00	0.00	0.00	0.00	0.00	0.00	0.00	0.00	0.00	0.00	0.00	0.00	0.00	0.00	0.00	0.00	0.00	0.00	0.00	0.00	0.00	0.00	0.00	0.00	0.00	0.00	0.00	0.00	0.00	0.00	0.00	0.00	0.00	0.00	0.00	0.00	0.00	0.00	0.00	0.00	0.00	0.00	0.00	0.00	0.00	0.00	0.00	0.00	0.00	0.00	0.00	0.00	0.00	0.00	0.00	0.00	0.00	0.00	0.00	0.00	0.00	0.00	0.00	0.00	0.00	0.00	0.00	0.00	0.00	0.00	0.00	0.00	0.00	0.00	0.00	0.00	0.00	0.00	0.00	0.00	0.00	0.00	0.00	0.00	0.00	0.00	0.00	0.00	0.00	0.00	0.00
